filename,duration_seconds
0.pcm,61.0800
1.pcm,108.4200


2.pcm,60.9800
3.pcm,125.8200
4.pcm,63.3000
5.pcm,45.7000
6.pcm,62.0200
7.pcm,70.5200
8.pcm,62.5200
9.pcm,80.2400
10.pcm,62.4000
11.pcm,63.7200
12.pcm,61.5600
13.pcm,104.2600
14.pcm,63.1800
15.pcm,64.9400
16.pcm,65.8000
17.pcm,122.6000
18.pcm,61.9800
19.pcm,126.5000
20.pcm,64.1600
21.pcm,122.4600
22.pcm,62.1000
23.pcm,120.2400
24.pcm,62.6600
25.pcm,121.7200
26.pcm,61.7800
27.pcm,71.8000
28.pcm,62.5800
29.pcm,62.1400
30.pcm,62.8800
31.pcm,152.8000
32.pcm,62.3000
33.pcm,151.7400
34.pcm,62.2400
35.pcm,126.5800
36.pcm,61.8800
37.pcm,130.2000
38.pcm,65.2600
39.pcm,73.9800


42.pcm,63.9800
43.pcm,132.6400
44.pcm,64.9200
45.pcm,125.3200
46.pcm,72.0200
47.pcm,84.5600
48.pcm,62.7400
49.pcm,95.5800
50.pcm,63.4600
51.pcm,51.8200